Workbook
Name Slicer_Region: #N/A

Sheet Region with highest pop
A3: Row Labels | B3: Sum of 2024 [YR2024]
A4: Asia | B4: 4772010067
A5: Africa | B5: 1513319287
A6: Europe | B6: 742931640
A7: North America | B7: 608407700
A8: South America | B8: 435299309
A9: Oceania | B9: 46675544

Sheet Fast growing pop
A3: Row Labels | B3: Sum of Growth Rate %
A4: Qatar | B4: 549.24678
A5: United Arab Emirates | B5: 473.0095
A6: Equatorial Guinea | B6: 299.03431
A7: Turks and Caicos Islands | B7: 298.14339
A8: Afghanistan | B8: 254.04861

Sheet Countries with decline in growt
A3: Row Labels | B3: Average of Growth Rate %
A4: Latvia | B4: -30.066264
A5: Bosnia and Herzegovina | B5: -28.871645
A6: Ukraine | B6: -27.267541
A7: Bulgaria | B7: -26.082216
A8: Georgia | B8: -23.493336

Sheet Avg annual growth rate
A3: Row Labels | B3: Average of Avg Annual Growth Rate
A4: Africa | B4: 2.3957924
A5: Asia | B5: 1.8647662
A6: South America | B6: 1.1407847
A7: North America | B7: 1.0663067
A8: Oceania | B8: 0.96051297
A9: Europe | B9: 0.20827593

Sheet 6 countries contributed to 24 
A3: Row Labels | B3: Sum of 2024 [YR2024]
A4: India | B4: 0.36570914
A5: China | B5: 0.3551329
A6: United States | B6: 0.085725156
A7: Indonesia | B7: 0.071453285
A8: Pakistan | B8: 0.063332527
A9: Nigeria | B9: 0.058646987

Sheet Country with highest pop 24
A3: Row Labels | B3: Max of 2024 [YR2024]
A4: India | B4: 1450935791 | D4: =A4 -> India | E4: =GETPIVOTDATA("2024 [YR2024]",$A$3,"Country Name","India") -> 1450935791

Sheet Country with least pop 24
A3: Row Labels | B3: Max of 2024 [YR2024]
A4: Nauru | B4: 11947 | D4: =A4 -> Nauru | E4: =GETPIVOTDATA("2024 [YR2024]",$A$3,"Country Name","Tuvalu") -> 9646
A5: Tuvalu | B5: 9646

Sheet Average pop 2024
A3: Average of 2024 [YR2024]
A4: 37413104 | D4: =A4 -> 37413104

Sheet Continent with high pop 2024
A3: Row Labels | B3: Sum of 2024 [YR2024]
A4: Asia | B4: 4772010067 | D4: =A4 -> Asia

Sheet Regional percent 2024
A3: Row Labels | B3: Sum of 2024 [YR2024]
A4: Asia | B4: 0.58778416
A5: Africa | B5: 0.18640051
A6: Europe | B6: 0.091509331
A7: North America | B7: 0.074939575
A8: South America | B8: 0.053617246
A9: Oceania | B9: 0.0057491801

Sheet Raw Data
A1: Series Name | B1: Series Code | C1: Country Name | D1: Country Code | E1: Region | F1: Growth Rate % | G1: Avg Annual Growth Rate | H1: 1990 [YR1990] | I1: 2000 [YR2000] | J1: 2015 [YR2015] | K1: 2016 [YR2016] | L1: 2017 [YR2017] | M1: 2018 [YR2018] | N1: 2019 [YR2019] | O1: 2020 [YR2020] | P1: 2021 [YR2021] | Q1: 2022 [YR2022] | R1: 2023 [YR2023] | S1: 2024 [YR2024]
A2: Population, total | B2: SP.POP.TOTL | C2: Afghanistan | D2: AFG | E2: =VLOOKUP(C2, Continent!A:B, 2, FALSE) -> Asia | F2: =((Table1[[#This Row],[2024 '[YR2024']]]-Table1[[#This Row],[1990 '[YR1990']]])/Table1[[#This Row],[1990 '[YR1990']]])*100 -> 254.04861 | G2: =((Table1[[#This Row],[2024 '[YR2024']]] / Table1[[#This Row],[1990 '[YR1990']]]) ^ (1 / (2024 - 1990)) - 1) * 100 -> 3.7884219 | H2: 12045660 | I2: 20130327 | J2: 33831764 | K2: 34700612 | L2: 35688935 | M2: 36743039 | N2: 37856121 | O2: 39068979 | P2: 40000412 | Q2: 40578842 | R2: 41454761 | S2: 42647492
A3: Population, total | B3: SP.POP.TOTL | C3: Albania | D3: ALB | E3: =VLOOKUP(C3, Continent!A:B, 2, FALSE) -> Europe | F3: =((Table1[[#This Row],[2024 '[YR2024']]]-Table1[[#This Row],[1990 '[YR1990']]])/Table1[[#This Row],[1990 '[YR1990']]])*100 -> -17.402029 | G3: =((Table1[[#This Row],[2024 '[YR2024']]] / Table1[[#This Row],[1990 '[YR1990']]]) ^ (1 / (2024 - 1990)) - 1) * 100 -> -0.56073104 | H3: 3286542 | I3: 3089027 | J3: 2880703 | K3: 2876101 | L3: 2873457 | M3: 2866376 | N3: 2854191 | O3: 2837849 | P3: 2811666 | Q3: 2777689 | R3: 2745972 | S3: 2714617
A4: Population, total | B4: SP.POP.TOTL | C4: Algeria | D4: DZA | E4: =VLOOKUP(C4, Continent!A:B, 2, FALSE) -> Africa | F4: =((Table1[[#This Row],[2024 '[YR2024']]]-Table1[[#This Row],[1990 '[YR1990']]])/Table1[[#This Row],[1990 '[YR1990']]])*100 -> 84.483995 | G4: =((Table1[[#This Row],[2024 '[YR2024']]] / Table1[[#This Row],[1990 '[YR1990']]]) ^ (1 / (2024 - 1990)) - 1) * 100 -> 1.8174731 | H4: 25375810 | I4: 30903893 | J4: 40019529 | K4: 40850721 | L4: 41689299 | M4: 42505035 | N4: 43294546 | O4: 44042091 | P4: 44761099 | Q4: 45477389 | R4: 46164219 | S4: 46814308
A5: Population, total | B5: SP.POP.TOTL | C5: American Samoa | D5: ASM | E5: =VLOOKUP(C5, Continent!A:B, 2, FALSE) -> Oceania | F5: =((Table1[[#This Row],[2024 '[YR2024']]]-Table1[[#This Row],[1990 '[YR1990']]])/Table1[[#This Row],[1990 '[YR1990']]])*100 -> 0.26801029 | G5: =((Table1[[#This Row],[2024 '[YR2024']]] / Table1[[#This Row],[1990 '[YR1990']]]) ^ (1 / (2024 - 1990)) - 1) * 100 -> 0.0078724212 | H5: 46640 | I5: 56855 | J5: 52878 | K5: 52245 | L5: 51586 | M5: 50908 | N5: 50209 | O5: 49761 | P5: 49225 | Q5: 48342 | R5: 47521 | S5: 46765
A6: Population, total | B6: SP.POP.TOTL | C6: Andorra | D6: AND | E6: =VLOOKUP(C6, Continent!A:B, 2, FALSE) -> Europe | F6: =((Table1[[#This Row],[2024 '[YR2024']]]-Table1[[#This Row],[1990 '[YR1990']]])/Table1[[#This Row],[1990 '[YR1990']]])*100 -> 55.78455 | G6: =((Table1[[#This Row],[2024 '[YR2024']]] / Table1[[#This Row],[1990 '[YR1990']]]) ^ (1 / (2024 - 1990)) - 1) * 100 -> 1.3123716 | H6: 52597 | I6: 65685 | J6: 72174 | K6: 72181 | L6: 73763 | M6: 75162 | N6: 76474 | O6: 77380 | P6: 78364 | Q6: 79705 | R6: 80856 | S6: 81938
A7: Population, total | B7: SP.POP.TOTL | C7: Angola | D7: AGO | E7: =VLOOKUP(C7, Continent!A:B, 2, FALSE) -> Africa | F7: =((Table1[[#This Row],[2024 '[YR2024']]]-Table1[[#This Row],[1990 '[YR1990']]])/Table1[[#This Row],[1990 '[YR1990']]])*100 -> 225.86165 | G7: =((Table1[[#This Row],[2024 '[YR2024']]] / Table1[[#This Row],[1990 '[YR1990']]]) ^ (1 / (2024 - 1990)) - 1) * 100 -> 3.5354829 | H7: 11626360 | I7: 16194869 | J7: 28157798 | K7: 29183070 | L7: 30234839 | M7: 31297155 | N7: 32375632 | O7: 33451132 | P7: 34532429 | Q7: 35635029 | R7: 36749906 | S7: 37885849
A8: Population, total | B8: SP.POP.TOTL | C8: Antigua and Barbuda | D8: ATG | E8: =VLOOKUP(C8, Continent!A:B, 2, FALSE) -> North America | F8: =((Table1[[#This Row],[2024 '[YR2024']]]-Table1[[#This Row],[1990 '[YR1990']]])/Table1[[#This Row],[1990 '[YR1990']]])*100 -> 48.688675 | G8: =((Table1[[#This Row],[2024 '[YR2024']]] / Table1[[#This Row],[1990 '[YR1990']]]) ^ (1 / (2024 - 1990)) - 1) * 100 -> 1.1735519 | H8: 63066 | I8: 74912 | J8: 89409 | K8: 89969 | L8: 90468 | M8: 90926 | N8: 91364 | O8: 91846 | P8: 92349 | Q8: 92840 | R8: 93316 | S8: 93772
A9: Population, total | B9: SP.POP.TOTL | C9: Argentina | D9: ARG | E9: =VLOOKUP(C9, Continent!A:B, 2, FALSE) -> South America | F9: =((Table1[[#This Row],[2024 '[YR2024']]]-Table1[[#This Row],[1990 '[YR1990']]])/Table1[[#This Row],[1990 '[YR1990']]])*100 -> 39.50512 | G9: =((Table1[[#This Row],[2024 '[YR2024']]] / Table1[[#This Row],[1990 '[YR1990']]]) ^ (1 / (2024 - 1990)) - 1) * 100 -> 0.98401911 | H9: 32755901 | I9: 37213984 | J9: 43477012 | K9: 43900313 | L9: 44288894 | M9: 44654882 | N9: 44973465 | O9: 45191965 | P9: 45312281 | Q9: 45407904 | R9: 45538401 | S9: 45696159
A10: Population, total | B10: SP.POP.TOTL | C10: Armenia | D10: ARM | E10: =VLOOKUP(C10, Continent!A:B, 2, FALSE) -> Asia | F10: =((Table1[[#This Row],[2024 '[YR2024']]]-Table1[[#This Row],[1990 '[YR1990']]])/Table1[[#This Row],[1990 '[YR1990']]])*100 -> -14.600487 | G10: =((Table1[[#This Row],[2024 '[YR2024']]] / Table1[[#This Row],[1990 '[YR1990']]]) ^ (1 / (2024 - 1990)) - 1) * 100 -> -0.4631295 | H10: 3552128 | I10: 3221100 | J10: 3004600 | K10: 2992300 | L10: 2979400 | M10: 2969000 | N10: 2962500 | O10: 2961500 | P10: 2962300 | Q10: 2969200 | R10: 2964300 | S10: 3033500
A11: Population, total | B11: SP.POP.TOTL | C11: Aruba | D11: ABW | E11: =VLOOKUP(C11, Continent!A:B, 2, FALSE) -> North America | F11: =((Table1[[#This Row],[2024 '[YR2024']]]-Table1[[#This Row],[1990 '[YR1990']]])/Table1[[#This Row],[1990 '[YR1990']]])*100 -> 71.504151 | G11: =((Table1[[#This Row],[2024 '[YR2024']]] / Table1[[#This Row],[1990 '[YR1990']]]) ^ (1 / (2024 - 1990)) - 1) * 100 -> 1.5992333 | H11: 62753 | I11: 90588 | J11: 107906 | K11: 108727 | L11: 108735 | M11: 108908 | N11: 109203 | O11: 108587 | P11: 107700 | Q11: 107310 | R11: 107359 | S11: 107624
A12: Population, total | B12: SP.POP.TOTL | C12: Australia | D12: AUS | E12: =VLOOKUP(C12, Continent!A:B, 2, FALSE) -> Oceania | F12: =((Table1[[#This Row],[2024 '[YR2024']]]-Table1[[#This Row],[1990 '[YR1990']]])/Table1[[#This Row],[1990 '[YR1990']]])*100 -> 59.41755 | G12: =((Table1[[#This Row],[2024 '[YR2024']]] / Table1[[#This Row],[1990 '[YR1990']]]) ^ (1 / (2024 - 1990)) - 1) * 100 -> 1.3810874 | H12: 17065128 | I12: 19028802 | J12: 23815995 | K12: 24190907 | L12: 24592588 | M12: 24963258 | N12: 25334826 | O12: 25649248 | P12: 25685412 | Q12: 26014399 | R12: 26652777 | S12: 27204809
A13: Population, total | B13: SP.POP.TOTL | C13: Austria | D13: AUT | E13: =VLOOKUP(C13, Continent!A:B, 2, FALSE) -> Europe | F13: =((Table1[[#This Row],[2024 '[YR2024']]]-Table1[[#This Row],[1990 '[YR1990']]])/Table1[[#This Row],[1990 '[YR1990']]])*100 -> 19.544951 | G13: =((Table1[[#This Row],[2024 '[YR2024']]] / Table1[[#This Row],[1990 '[YR1990']]]) ^ (1 / (2024 - 1990)) - 1) * 100 -> 0.52644639 | H13: 7677850 | I13: 8011566 | J13: 8642699 | K13: 8736668 | L13: 8797566 | M13: 8840521 | N13: 8879920 | O13: 8916864 | P13: 8955797 | Q13: 9041851 | R13: 9131761 | S13: 9178482
... A218: Population, total | B218: SP.POP.TOTL | C218: Zimbabwe | D218: ZWE | E218: =VLOOKUP(C218, Continent!A:B, 2, FALSE) -> Africa | F218: =((Table1[[#This Row],[2024 '[YR2024']]]-Table1[[#This Row],[1990 '[YR1990']]])/Table1[[#This Row],[1990 '[YR1990']]])*100 -> 64.091071 | G218: =((Table1[[#This Row],[2024 '[YR2024']]] / Table1[[#This Row],[1990 '[YR1990']]]) ^ (1 / (2024 - 1990)) - 1) * 100 -> 1.4672822 | H218: 10137281 | I218: 11892055 | J218: 14399013 | K218: 14600294 | L218: 14812482 | M218: 15034452 | N218: 15271368 | O218: 15526888 | P218: 15797210 | Q218: 16069056 | R218: 16340822 | S218: 16634373
A271: Data from database: World Development Indicators
A272: Last Updated: 10/07/2025

Sheet Sheet3
A1: Series Name | B1: Series Code | C1: Country Name | D1: Country Code | E1: Region | F1: Growth Rate % | G1: Avg Annual Growth Rate | H1: 1990 [YR1990] | I1: 2000 [YR2000] | J1: 2015 [YR2015] | K1: 2016 [YR2016] | L1: 2017 [YR2017] | M1: 2018 [YR2018] | N1: 2019 [YR2019] | O1: 2020 [YR2020] | P1: 2021 [YR2021] | Q1: 2022 [YR2022] | R1: 2023 [YR2023] | S1: 2024 [YR2024]
A2: Population, total | B2: SP.POP.TOTL | C2: Africa Eastern and Southern | D2: AFE | E2: =VLOOKUP(C2, Continent!A:B, 2, FALSE) -> #N/A | F2: =((Table1[[#This Row],[2024 '[YR2024']]]-Table1[[#This Row],[1990 '[YR1990']]])/Table1[[#This Row],[1990 '[YR1990']]])*100 -> 254.04861 | G2: =((Table1[[#This Row],[2024 '[YR2024']]] / Table1[[#This Row],[1990 '[YR1990']]]) ^ (1 / (2024 - 1990)) - 1) * 100 -> 3.7884219 | H2: 311748681 | I2: 406156661 | J2: 607123269 | K2: 623369401 | L2: 640058741 | M2: 657801085 | N2: 675950189 | O2: 694446100 | P2: 713090928 | Q2: 731821393 | R2: 750503764 | S2: 769294618
A3: Population, total | B3: SP.POP.TOTL | C3: Africa Western and Central | D3: AFW | E3: =VLOOKUP(C3, Continent!A:B, 2, FALSE) -> #N/A | F3: =((Table1[[#This Row],[2024 '[YR2024']]]-Table1[[#This Row],[1990 '[YR1990']]])/Table1[[#This Row],[1990 '[YR1990']]])*100 -> -17.402029 | G3: =((Table1[[#This Row],[2024 '[YR2024']]] / Table1[[#This Row],[1990 '[YR1990']]]) ^ (1 / (2024 - 1990)) - 1) * 100 -> -0.56073104 | H3: 209566031 | I3: 274968446 | J3: 418127845 | K3: 429454743 | L3: 440882906 | M3: 452195915 | N3: 463365429 | O3: 474569351 | P3: 485920997 | Q3: 497387180 | R3: 509398589 | S3: 521764076
A4: Population, total | B4: SP.POP.TOTL | C4: Arab World | D4: ARB | E4: =VLOOKUP(C4, Continent!A:B, 2, FALSE) -> #N/A | F4: =((Table1[[#This Row],[2024 '[YR2024']]]-Table1[[#This Row],[1990 '[YR1990']]])/Table1[[#This Row],[1990 '[YR1990']]])*100 -> 84.483995 | G4: =((Table1[[#This Row],[2024 '[YR2024']]] / Table1[[#This Row],[1990 '[YR1990']]]) ^ (1 / (2024 - 1990)) - 1) * 100 -> 1.8174731 | H4: 223184294 | I4: 286548096 | J4: 410190679 | K4: 419808341 | L4: 428315886 | M4: 435998060 | N4: 444281315 | O4: 453723239 | P4: 460646603 | Q4: 471352066 | R4: 482105978 | S4: 492579811
A5: Population, total | B5: SP.POP.TOTL | C5: Caribbean small states | D5: CSS | E5: =VLOOKUP(C5, Continent!A:B, 2, FALSE) -> #N/A | F5: =((Table1[[#This Row],[2024 '[YR2024']]]-Table1[[#This Row],[1990 '[YR1990']]])/Table1[[#This Row],[1990 '[YR1990']]])*100 -> 0.26801029 | G5: =((Table1[[#This Row],[2024 '[YR2024']]] / Table1[[#This Row],[1990 '[YR1990']]]) ^ (1 / (2024 - 1990)) - 1) * 100 -> 0.0078724212 | H5: 3654949 | I5: 3956229 | J5: 4314191 | K5: 4341333 | L5: 4366140 | M5: 4407658 | N5: 4443134 | O5: 4459302 | P5: 4479167 | Q5: 4497310 | R5: 4519904 | S5: 4539060
A6: Population, total | B6: SP.POP.TOTL | C6: Central Europe and the Baltics | D6: CEB | E6: =VLOOKUP(C6, Continent!A:B, 2, FALSE) -> #N/A | F6: =((Table1[[#This Row],[2024 '[YR2024']]]-Table1[[#This Row],[1990 '[YR1990']]])/Table1[[#This Row],[1990 '[YR1990']]])*100 -> 55.78455 | G6: =((Table1[[#This Row],[2024 '[YR2024']]] / Table1[[#This Row],[1990 '[YR1990']]]) ^ (1 / (2024 - 1990)) - 1) * 100 -> 1.3123716 | H6: 110743128 | I6: 108447824 | J6: 102973167 | K6: 102647939 | L6: 102337501 | M6: 102074201 | N6: 101864274 | O6: 101215763 | P6: 100205732 | Q6: 100071871 | R6: 100175859 | S6: 100050066
A7: Population, total | B7: SP.POP.TOTL | C7: Early-demographic dividend | D7: EAR | E7: =VLOOKUP(C7, Continent!A:B, 2, FALSE) -> #N/A | F7: =((Table1[[#This Row],[2024 '[YR2024']]]-Table1[[#This Row],[1990 '[YR1990']]])/Table1[[#This Row],[1990 '[YR1990']]])*100 -> 225.86165 | G7: =((Table1[[#This Row],[2024 '[YR2024']]] / Table1[[#This Row],[1990 '[YR1990']]]) ^ (1 / (2024 - 1990)) - 1) * 100 -> 3.5354829 | H7: 2044241467 | I7: 2509431470 | J7: 3190318707 | K7: 3233033717 | L7: 3274060446 | M7: 3314245247 | N7: 3355014793 | O7: 3396051187 | P7: 3432026092 | Q7: 3470644834 | R7: 3511607650 | S7: 3552278604
A8: Population, total | B8: SP.POP.TOTL | C8: East Asia & Pacific | D8: EAS | E8: =VLOOKUP(C8, Continent!A:B, 2, FALSE) -> #N/A | F8: =((Table1[[#This Row],[2024 '[YR2024']]]-Table1[[#This Row],[1990 '[YR1990']]])/Table1[[#This Row],[1990 '[YR1990']]])*100 -> 48.688675 | G8: =((Table1[[#This Row],[2024 '[YR2024']]] / Table1[[#This Row],[1990 '[YR1990']]]) ^ (1 / (2024 - 1990)) - 1) * 100 -> 1.1735519 | H8: 1817735909 | I8: 2050149617 | J8: 2300844269 | K8: 2317076058 | L8: 2333475520 | M8: 2347576325 | N8: 2359771090 | O8: 2369438682 | P8: 2375144416 | Q8: 2379648196 | R8: 2384479340 | S8: 2388378491
A9: Population, total | B9: SP.POP.TOTL | C9: East Asia & Pacific (excluding high income) | D9: EAP | E9: =VLOOKUP(C9, Continent!A:B, 2, FALSE) -> #N/A | F9: =((Table1[[#This Row],[2024 '[YR2024']]]-Table1[[#This Row],[1990 '[YR1990']]])/Table1[[#This Row],[1990 '[YR1990']]])*100 -> 39.50512 | G9: =((Table1[[#This Row],[2024 '[YR2024']]] / Table1[[#This Row],[1990 '[YR1990']]]) ^ (1 / (2024 - 1990)) - 1) * 100 -> 0.98401911 | H9: 1600739173 | I9: 1819011507 | J9: 2056050896 | K9: 2071486140 | L9: 2087238522 | M9: 2100698838 | N9: 2112289891 | O9: 2121866294 | P9: 2128553744 | Q9: 2133560408 | R9: 2137527754 | S9: 2141122258
A10: Population, total | B10: SP.POP.TOTL | C10: East Asia & Pacific (IDA & IBRD countries) | D10: TEA | E10: =VLOOKUP(C10, Continent!A:B, 2, FALSE) -> #N/A | F10: =((Table1[[#This Row],[2024 '[YR2024']]]-Table1[[#This Row],[1990 '[YR1990']]])/Table1[[#This Row],[1990 '[YR1990']]])*100 -> -14.600487 | G10: =((Table1[[#This Row],[2024 '[YR2024']]] / Table1[[#This Row],[1990 '[YR1990']]]) ^ (1 / (2024 - 1990)) - 1) * 100 -> -0.4631295 | H10: 1579651917 | I10: 1795374943 | J10: 2030504270 | K10: 2045816761 | L10: 2061449949 | M10: 2074796982 | N10: 2086281644 | O10: 2095759417 | P10: 2102350702 | Q10: 2107261123 | R10: 2111139152 | S10: 2114653077
A11: Population, total | B11: SP.POP.TOTL | C11: Euro area | D11: EMU | E11: =VLOOKUP(C11, Continent!A:B, 2, FALSE) -> #N/A | F11: =((Table1[[#This Row],[2024 '[YR2024']]]-Table1[[#This Row],[1990 '[YR1990']]])/Table1[[#This Row],[1990 '[YR1990']]])*100 -> 71.504151 | G11: =((Table1[[#This Row],[2024 '[YR2024']]] / Table1[[#This Row],[1990 '[YR1990']]]) ^ (1 / (2024 - 1990)) - 1) * 100 -> 1.5992333 | H11: 316087007 | I11: 325789631 | J11: 343180482 | K11: 344132977 | L11: 344810179 | M11: 345864630 | N11: 346496601 | O11: 346986142 | P11: 347207191 | Q11: 348700885 | R11: 350292725 | S11: 351125804
A12: Population, total | B12: SP.POP.TOTL | C12: Europe & Central Asia | D12: ECS | E12: =VLOOKUP(C12, Continent!A:B, 2, FALSE) -> #N/A | F12: =((Table1[[#This Row],[2024 '[YR2024']]]-Table1[[#This Row],[1990 '[YR1990']]])/Table1[[#This Row],[1990 '[YR1990']]])*100 -> 59.41755 | G12: =((Table1[[#This Row],[2024 '[YR2024']]] / Table1[[#This Row],[1990 '[YR1990']]]) ^ (1 / (2024 - 1990)) - 1) * 100 -> 1.3810874 | H12: 845290251 | I12: 865392479 | J12: 907676898 | K12: 911765648 | L12: 915290996 | M12: 918947897 | N12: 922218554 | O12: 923973838 | P12: 924702975 | Q12: 925061269 | R12: 925640799 | S12: 928465742
A13: Population, total | B13: SP.POP.TOTL | C13: Europe & Central Asia (excluding high income) | D13: ECA | E13: =VLOOKUP(C13, Continent!A:B, 2, FALSE) -> #N/A | F13: =((Table1[[#This Row],[2024 '[YR2024']]]-Table1[[#This Row],[1990 '[YR1990']]])/Table1[[#This Row],[1990 '[YR1990']]])*100 -> 19.544951 | G13: =((Table1[[#This Row],[2024 '[YR2024']]] / Table1[[#This Row],[1990 '[YR1990']]]) ^ (1 / (2024 - 1990)) - 1) * 100 -> 0.52644639 | H13: 208212866 | I13: 218486598 | J13: 240232789 | K13: 242410814 | L13: 244533821 | M13: 246659127 | N13: 248863066 | O13: 250660609 | P13: 252189631 | Q13: 250840400 | R13: 249053262 | S13: 250485944
... A36: Population, total | B36: SP.POP.TOTL | C36: North America | D36: NAC | E36: =VLOOKUP(C36, Continent!A:B, 2, FALSE) -> #N/A | F36: =((Table1[[#This Row],[2024 '[YR2024']]]-Table1[[#This Row],[1990 '[YR1990']]])/Table1[[#This Row],[1990 '[YR1990']]])*100 -> 157.00851 | G36: =((Table1[[#This Row],[2024 '[YR2024']]] / Table1[[#This Row],[1990 '[YR1990']]]) ^ (1 / (2024 - 1990)) - 1) * 100 -> 2.8151893 | H36: 277371697 | I36: 312909691 | J36: 357583083 | K36: 360527592 | L36: 363217262 | M36: 365666028 | N36: 367908829 | O36: 369670740 | P36: 370404272 | Q36: 373018004 | R36: 376954413 | S36: 381464223
A37: Population, total | B37: SP.POP.TOTL | C37: Not classified | D37: INX | E37: =VLOOKUP(C37, Continent!A:B, 2, FALSE) -> #N/A | F37: =((Table1[[#This Row],[2024 '[YR2024']]]-Table1[[#This Row],[1990 '[YR1990']]])/Table1[[#This Row],[1990 '[YR1990']]])*100 -> 49.104017 | G37: =((Table1[[#This Row],[2024 '[YR2024']]] / Table1[[#This Row],[1990 '[YR1990']]]) ^ (1 / (2024 - 1990)) - 1) * 100 -> 1.1818528 | H37: .. | I37: .. | J37: .. | K37: .. | L37: .. | M37: .. | N37: .. | O37: .. | P37: .. | Q37: .. | R37: .. | S37: ..
A38: Population, total | B38: SP.POP.TOTL | C38: OECD members | D38: OED | E38: =VLOOKUP(C38, Continent!A:B, 2, FALSE) -> #N/A | F38: =((Table1[[#This Row],[2024 '[YR2024']]]-Table1[[#This Row],[1990 '[YR1990']]])/Table1[[#This Row],[1990 '[YR1990']]])*100 -> 186.38409 | G38: =((Table1[[#This Row],[2024 '[YR2024']]] / Table1[[#This Row],[1990 '[YR1990']]]) ^ (1 / (2024 - 1990)) - 1) * 100 -> 3.1429796 | H38: 1107695519 | I38: 1202226474 | J38: 1331675197 | K38: 1340142055 | L38: 1348127258 | M38: 1356470975 | N38: 1364155119 | O38: 1369327995 | P38: 1371811773 | Q38: 1379097485 | R38: 1388472514 | S38: 1396914190
A39: Population, total | B39: SP.POP.TOTL | C39: Other small states | D39: OSS | E39: =VLOOKUP(C39, Continent!A:B, 2, FALSE) -> #N/A | F39: =((Table1[[#This Row],[2024 '[YR2024']]]-Table1[[#This Row],[1990 '[YR1990']]])/Table1[[#This Row],[1990 '[YR1990']]])*100 -> 85.6148 | G39: =((Table1[[#This Row],[2024 '[YR2024']]] / Table1[[#This Row],[1990 '[YR1990']]]) ^ (1 / (2024 - 1990)) - 1) * 100 -> 1.8357745 | H39: 8949306 | I39: 9788238 | J39: 11722398 | K39: 11851918 | L39: 11989367 | M39: 12135267 | N39: 12281907 | O39: 12417333 | P39: 12541889 | Q39: 12699005 | R39: 12842214 | S39: 12969162
A40: Population, total | B40: SP.POP.TOTL | C40: Pacific island small states | D40: PSS | E40: =VLOOKUP(C40, Continent!A:B, 2, FALSE) -> #N/A | F40: =((Table1[[#This Row],[2024 '[YR2024']]]-Table1[[#This Row],[1990 '[YR1990']]])/Table1[[#This Row],[1990 '[YR1990']]])*100 -> 239.28948 | G40: =((Table1[[#This Row],[2024 '[YR2024']]] / Table1[[#This Row],[1990 '[YR1990']]]) ^ (1 / (2024 - 1990)) - 1) * 100 -> 3.6585219 | H40: 1775607 | I40: 2042274 | J40: 2445989 | K40: 2477794 | L40: 2509999 | M40: 2542009 | N40: 2568656 | O40: 2595522 | P40: 2625493 | Q40: 2656049 | R40: 2689224 | S40: 2722467
A41: Population, total | B41: SP.POP.TOTL | C41: Post-demographic dividend | D41: PST | E41: =VLOOKUP(C41, Continent!A:B, 2, FALSE) -> #N/A | F41: =((Table1[[#This Row],[2024 '[YR2024']]]-Table1[[#This Row],[1990 '[YR1990']]])/Table1[[#This Row],[1990 '[YR1990']]])*100 -> 17.499144 | G41: =((Table1[[#This Row],[2024 '[YR2024']]] / Table1[[#This Row],[1990 '[YR1990']]]) ^ (1 / (2024 - 1990)) - 1) * 100 -> 0.47542322 | H41: 964371624 | I41: 1021150563 | J41: 1097890139 | K41: 1102966925 | L41: 1107161559 | M41: 1111377470 | N41: 1114907717 | O41: 1117025276 | P41: 1116609473 | Q41: 1117926537 | R41: 1121892872 | S41: 1128430188
A42: Population, total | B42: SP.POP.TOTL | C42: Pre-demographic dividend | D42: PRE | E42: =VLOOKUP(C42, Continent!A:B, 2, FALSE) -> #N/A | F42: =((Table1[[#This Row],[2024 '[YR2024']]]-Table1[[#This Row],[1990 '[YR1990']]])/Table1[[#This Row],[1990 '[YR1990']]])*100 -> 47.090214 | G42: =((Table1[[#This Row],[2024 '[YR2024']]] / Table1[[#This Row],[1990 '[YR1990']]]) ^ (1 / (2024 - 1990)) - 1) * 100 -> 1.1413939 | H42: 422471117 | I42: 562428025 | J42: 870587800 | K42: 895239872 | L42: 920568701 | M42: 946317177 | N42: 972302503 | O42: 998624261 | P42: 1024960313 | Q42: 1051201551 | R42: 1078224044 | S42: 1105951788
A43: Population, total | B43: SP.POP.TOTL | C43: Small states | D43: SST | E43: =VLOOKUP(C43, Continent!A:B, 2, FALSE) -> #N/A | F43: =((Table1[[#This Row],[2024 '[YR2024']]]-Table1[[#This Row],[1990 '[YR1990']]])/Table1[[#This Row],[1990 '[YR1990']]])*100 -> 24.118536 | G43: =((Table1[[#This Row],[2024 '[YR2024']]] / Table1[[#This Row],[1990 '[YR1990']]]) ^ (1 / (2024 - 1990)) - 1) * 100 -> 0.63751428 | H43: 14379862 | I43: 15786741 | J43: 18482578 | K43: 18671045 | L43: 18865506 | M43: 19084934 | N43: 19293697 | O43: 19472157 | P43: 19646549 | Q43: 19852364 | R43: 20051342 | S43: 20230689
A44: Population, total | B44: SP.POP.TOTL | C44: South Asia | D44: SAS | E44: =VLOOKUP(C44, Continent!A:B, 2, FALSE) -> #N/A | F44: =((Table1[[#This Row],[2024 '[YR2024']]]-Table1[[#This Row],[1990 '[YR1990']]])/Table1[[#This Row],[1990 '[YR1990']]])*100 -> 63.027899 | G44: =((Table1[[#This Row],[2024 '[YR2024']]] / Table1[[#This Row],[1990 '[YR1990']]]) ^ (1 / (2024 - 1990)) - 1) * 100 -> 1.4478852 | H44: 1013297018 | I44: 1237185482 | J44: 1537370078 | K44: 1555111864 | L44: 1572520427 | M44: 1589164714 | N44: 1605412986 | O44: 1621073417 | P44: 1634785356 | Q44: 1648009565 | R44: 1662580579 | S44: 1677384532
A45: Population, total | B45: SP.POP.TOTL | C45: South Asia (IDA & IBRD) | D45: TSA | E45: =VLOOKUP(C45, Continent!A:B, 2, FALSE) -> #N/A | F45: =((Table1[[#This Row],[2024 '[YR2024']]]-Table1[[#This Row],[1990 '[YR1990']]])/Table1[[#This Row],[1990 '[YR1990']]])*100 -> 94.924831 | G45: =((Table1[[#This Row],[2024 '[YR2024']]] / Table1[[#This Row],[1990 '[YR1990']]]) ^ (1 / (2024 - 1990)) - 1) * 100 -> 1.982465 | H45: 1013297018 | I45: 1237185482 | J45: 1537370078 | K45: 1555111864 | L45: 1572520427 | M45: 1589164714 | N45: 1605412986 | O45: 1621073417 | P45: 1634785356 | Q45: 1648009565 | R45: 1662580579 | S45: 1677384532
A46: Population, total | B46: SP.POP.TOTL | C46: Sub-Saharan Africa | D46: SSF | E46: =VLOOKUP(C46, Continent!A:B, 2, FALSE) -> #N/A | F46: =((Table1[[#This Row],[2024 '[YR2024']]]-Table1[[#This Row],[1990 '[YR1990']]])/Table1[[#This Row],[1990 '[YR1990']]])*100 -> 197.88485 | G46: =((Table1[[#This Row],[2024 '[YR2024']]] / Table1[[#This Row],[1990 '[YR1990']]]) ^ (1 / (2024 - 1990)) - 1) * 100 -> 3.2624917 | H46: 521314712 | I46: 681125107 | J46: 1025251114 | K46: 1052824144 | L46: 1080941647 | M46: 1109997000 | N46: 1139315618 | O46: 1169015451 | P46: 1199011925 | Q46: 1229208573 | R46: 1259902353 | S46: 1291058694
A47: Population, total | B47: SP.POP.TOTL | C47: Sub-Saharan Africa (excluding high income) | D47: SSA | E47: =VLOOKUP(C47, Continent!A:B, 2, FALSE) -> #N/A | F47: =((Table1[[#This Row],[2024 '[YR2024']]]-Table1[[#This Row],[1990 '[YR1990']]])/Table1[[#This Row],[1990 '[YR1990']]])*100 -> 166.0282 | G47: =((Table1[[#This Row],[2024 '[YR2024']]] / Table1[[#This Row],[1990 '[YR1990']]]) ^ (1 / (2024 - 1990)) - 1) * 100 -> 2.9195487 | H47: 473635450 | I47: 613632482 | J47: 921290560 | K47: 946011305 | L47: 971179323 | M47: 997236086 | N47: 1023480610 | O47: 1049999318 | P47: 1076774079 | Q47: 1103704408 | R47: 1131090888 | S47: 1158877573
A48: Population, total | B48: SP.POP.TOTL | C48: Sub-Saharan Africa (IDA & IBRD countries) | D48: TSS | E48: =VLOOKUP(C48, Continent!A:B, 2, FALSE) -> #N/A | F48: =((Table1[[#This Row],[2024 '[YR2024']]]-Table1[[#This Row],[1990 '[YR1990']]])/Table1[[#This Row],[1990 '[YR1990']]])*100 -> 64.330337 | G48: =((Table1[[#This Row],[2024 '[YR2024']]] / Table1[[#This Row],[1990 '[YR1990']]]) ^ (1 / (2024 - 1990)) - 1) * 100 -> 1.4716307 | H48: 521314712 | I48: 681125107 | J48: 1025251114 | K48: 1052824144 | L48: 1080941647 | M48: 1109997000 | N48: 1139315618 | O48: 1169015451 | P48: 1199011925 | Q48: 1229208573 | R48: 1259902353 | S48: 1291058694
A49: Population, total | B49: SP.POP.TOTL | C49: Upper middle income | D49: UMC | E49: =VLOOKUP(C49, Continent!A:B, 2, FALSE) -> #N/A | F49: =((Table1[[#This Row],[2024 '[YR2024']]]-Table1[[#This Row],[1990 '[YR1990']]])/Table1[[#This Row],[1990 '[YR1990']]])*100 -> 161.97548 | G49: =((Table1[[#This Row],[2024 '[YR2024']]] / Table1[[#This Row],[1990 '[YR1990']]]) ^ (1 / (2024 - 1990)) - 1) * 100 -> 2.8730898 | H49: 2092646700 | I49: 2365022283 | J49: 2688052361 | K49: 2709558794 | L49: 2731375253 | M49: 2751833495 | N49: 2770250954 | O49: 2785181241 | P49: 2796326198 | Q49: 2803432387 | R49: 2809441887 | S49: 2818128105
A50: Population, total | B50: SP.POP.TOTL | C50: World | D50: WLD | E50: =VLOOKUP(C50, Continent!A:B, 2, FALSE) -> #N/A | F50: =((Table1[[#This Row],[2024 '[YR2024']]]-Table1[[#This Row],[1990 '[YR1990']]])/Table1[[#This Row],[1990 '[YR1990']]])*100 -> -19.070501 | G50: =((Table1[[#This Row],[2024 '[YR2024']]] / Table1[[#This Row],[1990 '[YR1990']]]) ^ (1 / (2024 - 1990)) - 1) * 100 -> -0.62039634 | H50: 5299246757 | I50: 6161884811 | J50: 7441826877 | K50: 7529066617 | L50: 7614748582 | M50: 7697492379 | N50: 7778303912 | O50: 7855075060 | P50: 7920861888 | Q50: 7990399768 | R50: 8064976601 | S50: 8142056446

Sheet Continent
A1: Country Name | B1: Continent
A2: Afghanistan | B2: Asia
A3: Albania | B3: Europe
A4: Algeria | B4: Africa
A5: American Samoa | B5: Oceania
A6: Andorra | B6: Europe
A7: Angola | B7: Africa
A8: Antigua and Barbuda | B8: North America
A9: Argentina | B9: South America
A10: Armenia | B10: Asia
A11: Aruba | B11: North America
A12: Australia | B12: Oceania
... A219: Zimbabwe | B219: Africa

Sheet Pre-Analysis

Sheet In-Analysis

Sheet Dashboard

Sheet Post Observation

Sheet Post Recommendation
